{
  "mean": [
    1.7649240493774414,
    0.0,
    0.0,
    14.246938705444336,
    62.4062385559082,
    0.0,
    1.7498359680175781
  ],
  "std": [
    4.786508560180664,
    9.99999993922529e-09,
    9.99999993922529e-09,
    2.2761404514312744,
    47.32196807861328,
    9.99999993922529e-09,
    1.6776658296585083
  ],
  "log_features": [
    3
  ]
}