{
  "ks_train": {
    "mean_ks": 0.16939732142857142,
    "max_ks": 0.49734375,
    "min_ks": 0.0,
    "per_feature": [
      0.49734375,
      0.0,
      0.0,
      0.190625,
      0.38296875,
      0.0,
      0.11484375
    ]
  },
  "ks_test": {
    "mean_ks": 0.175625,
    "max_ks": 0.53453125,
    "min_ks": 0.0,
    "per_feature": [
      0.49734375,
      0.0,
      0.0,
      0.12609375,
      0.53453125,
      0.0,
      0.07140625
    ]
  },
  "jsd_train": {
    "mean_jsd": 0.059992402441490233,
    "max_jsd": 0.1691727028061728,
    "per_feature": [
      0.06824219511979322,
      0.1691727028061728,
      0.061144704850453084,
      0.0613948118725223,
      0.0,
      0.0
    ]
  },
  "jsd_test": {
    "mean_jsd": 0.0026743707738126135,
    "max_jsd": 0.006591972256579513,
    "per_feature": [
      0.0062597529979864465,
      0.006591972256579513,
      0.0015753948865152422,
      0.0016191045017944806,
      0.0,
      0.0
    ]
  },
  "overfitting_ratio": 1.0367637369877456,
  "num_windows": 62493,
  "trend_loss": [
    0.5544183789634585,
    0.17457238993231589
  ],
  "diff_cont": [
    0.3161217336849371,
    0.09644471953999507
  ],
  "diff_disc": [
    0.41136178529825274,
    0.02652987259228184
  ],
  "epochs_run": 300
}