{"mean": [2.641119956970215, 0.0, 0.0, 14.206663131713867, 61.68354415893555, 0.0, 1.8301160335540771], "std": [5.770582675933838, 9.99999993922529e-09, 9.99999993922529e-09, 2.26686429977417, 21.815853118896484, 9.99999993922529e-09, 1.7652339935302734], "log_features": [3]}