{
  "ks_train": {
    "mean_ks": 0.27082589285714287,
    "max_ks": 0.9984375,
    "min_ks": 0.0,
    "per_feature": [
      0.4275,
      0.0,
      0.0,
      0.9984375,
      0.409375,
      0.0,
      0.06046875
    ]
  },
  "ks_test": {
    "mean_ks": 0.30754464285714284,
    "max_ks": 0.9984375,
    "min_ks": 0.0,
    "per_feature": [
      0.4834375,
      0.0,
      0.0,
      0.9984375,
      0.55828125,
      0.0,
      0.11265625
    ]
  },
  "jsd_train": {
    "mean_jsd": 0.013605682418069953,
    "max_jsd": 0.02510365833167593,
    "per_feature": [
      0.02275656889568943,
      0.02510365833167593,
      0.015105456464267628,
      0.01866841081678671,
      0.0,
      0.0
    ]
  },
  "jsd_test": {
    "mean_jsd": 0.008138070754332928,
    "max_jsd": 0.02490436157635647,
    "per_feature": [
      0.009741835241359052,
      0.02490436157635647,
      0.004932477417034148,
      0.009249750291247898,
      0.0,
      0.0
    ]
  },
  "trend_loss": [
    0.6319752552381759,
    0.12349371610709288
  ],
  "diff_loss": [
    0.08443099134620816,
    0.019993022893000586
  ],
  "overfitting_ks_ratio": 1.135580647819995,
  "num_windows": 31243,
  "train_windows": 21870
}