{
  "mean": [
    0.001433554687537253,
    0.0,
    0.0,
    0.0053125303238630295,
    -0.0004412069683894515,
    -0.0003222911909688264,
    -0.0006759351817891002
  ],
  "std": [
    1.0024347305297852,
    9.99999993922529e-09,
    9.99999993922529e-09,
    1.0429805517196655,
    1.0004754066467285,
    0.9996503591537476,
    1.0002323389053345
  ]
}

