{
  "mean": [
    1.557379961013794,
    0.0,
    0.0,
    150457264.0,
    21.026472091674805,
    2672.70361328125,
    126.77421569824219
  ],
  "std": [
    6.659761428833008,
    9.99999993922529e-09,
    9.99999993922529e-09,
    164372912.0,
    9.53938102722168,
    2812.977294921875,
    122.82525634765625
  ]
}