{
  "mean": [
    3.8952300548553467,
    0.0,
    0.0,
    14.254382133483887,
    61.1446533203125,
    0.0,
    2.071963310241699
  ],
  "std": [
    6.609869480133057,
    9.99999993922529e-09,
    9.99999993922529e-09,
    2.4261105060577393,
    20.477161407470703,
    9.99999993922529e-09,
    1.9301702976226807
  ],
  "log_features": [
    3
  ]
}