{
  "ks_train": {
    "mean_ks": 0.12761160714285716,
    "max_ks": 0.52796875,
    "min_ks": 0.0,
    "per_feature": [
      0.10578125,
      0.0,
      0.0,
      0.23953125,
      0.52796875,
      0.0,
      0.02
    ]
  },
  "ks_test": {
    "mean_ks": 0.11214285714285714,
    "max_ks": 0.5796875,
    "min_ks": 0.0,
    "per_feature": [
      0.0390625,
      0.0,
      0.0,
      0.1571875,
      0.5796875,
      0.0,
      0.0090625
    ]
  },
  "jsd_train": {
    "mean_jsd": 0.06575663219902157,
    "max_jsd": 0.1283818184138586,
    "per_feature": [
      0.0950824335267032,
      0.1283818184138586,
      0.0852724650081563,
      0.0858030762454114,
      0.0,
      0.0
    ]
  },
  "jsd_test": {
    "mean_jsd": 0.05334502202756039,
    "max_jsd": 0.09804074827426763,
    "per_feature": [
      0.08028798092496725,
      0.09804074827426763,
      0.07062491710554514,
      0.07111648586058235,
      0.0,
      0.0
    ]
  },
  "overfitting_ratio": 0.8787825782753191,
  "num_windows": 18743,
  "trend_loss": [
    0.7535087224913807,
    0.13551052096413402
  ],
  "diff_cont": [
    0.5251808229016095,
    0.19302673187197708
  ],
  "diff_disc": [
    0.8946169261525317,
    0.07076080628648036
  ],
  "epochs_run": 186
}