{
  "ks_train": {
    "mean_ks": 0.095,
    "max_ks": 0.27375,
    "min_ks": 0.0,
    "per_feature": [
      0.10296875,
      0.0,
      0.0,
      0.27375,
      0.27109375,
      0.0,
      0.0171875
    ]
  },
  "ks_test": {
    "mean_ks": 0.07520089285714285,
    "max_ks": 0.27109375,
    "min_ks": 0.0,
    "per_feature": [
      0.041875,
      0.0,
      0.0,
      0.2015625,
      0.27109375,
      0.0,
      0.011875
    ]
  },
  "jsd_train": {
    "mean_jsd": 0.06233293054027957,
    "max_jsd": 0.10413973725065756,
    "per_feature": [
      0.10413973725065756,
      0.0644340400140886,
      0.10271190302955038,
      0.10271190294738086,
      0.0,
      0.0
    ]
  },
  "jsd_test": {
    "mean_jsd": 0.05086277253838603,
    "max_jsd": 0.08831171705794891,
    "per_feature": [
      0.08831171705794891,
      0.043070716406176504,
      0.08689710091785427,
      0.0868971008483365,
      0.0,
      0.0
    ]
  },
  "overfitting_ratio": 0.7915883458646615,
  "num_windows": 18743,
  "trend_loss": [
    0.6914208448514706,
    0.1378729711582021
  ],
  "diff_cont": [
    0.3565708041917987,
    0.10643625114022232
  ],
  "diff_disc": [
    0.9165740972611962,
    0.06693962617981725
  ],
  "epochs_run": 300
}