{
  "mean": [
    4.182400226593018,
    0.0,
    0.0,
    14.35016918182373,
    60.837398529052734,
    0.0,
    2.1682000160217285
  ],
  "std": [
    6.961563587188721,
    9.99999993922529e-09,
    9.99999993922529e-09,
    2.486049175262451,
    9.132164001464844,
    9.99999993922529e-09,
    1.9892455339431763
  ],
  "log_features": [
    3
  ]
}