{
  "ks_train": {
    "mean_ks": 0.21265625,
    "max_ks": 0.82625,
    "min_ks": 0.0,
    "per_feature": [
      0.82625,
      0.0,
      0.0,
      0.5259375,
      0.1315625,
      0.0,
      0.00484375
    ]
  },
  "ks_test": {
    "mean_ks": 0.2256848404255319,
    "max_ks": 0.825,
    "min_ks": 0.0,
    "per_feature": [
      0.825,
      0.0,
      0.0,
      0.5263264627659574,
      0.18721077127659574,
      0.0,
      0.04125664893617021
    ]
  },
  "jsd_train": {
    "mean_jsd": 0.02092955165903368,
    "max_jsd": 0.0662940236825448,
    "per_feature": [
      0.0662940236825448,
      0.0017256621004103911,
      0.028711842611965452,
      0.02884578155928144,
      0.0,
      0.0
    ]
  },
  "jsd_test": {
    "mean_jsd": 0.028424870986828527,
    "max_jsd": 0.07691144841337952,
    "per_feature": [
      0.07691144841337952,
      0.009934007242874285,
      0.041771556267858195,
      0.04193221399685916,
      -8.008566257935696e-27,
      2.0421843439021298e-24
    ]
  },
  "overfitting_ratio": 1.061265965263339,
  "num_windows": 305,
  "trend_loss": [
    0.9497813562831968,
    0.21115336353790032
  ],
  "diff_cont": [
    1.1690685256546092,
    0.2009260653050293
  ],
  "diff_disc": [
    3.1756389443303497,
    0.09500705387810586
  ],
  "epochs_run": 300
}