{
  "ks": {
    "mean_ks": 0.6158482142857143,
    "max_ks": 1.0,
    "min_ks": 0.51796875,
    "per_feature": [
      0.5990625,
      0.51796875,
      0.6171875,
      0.52578125,
      1.0,
      0.52546875,
      0.52546875
    ]
  },
  "jsd": {
    "mean_jsd": 0.022507897581082334,
    "max_jsd": 0.13180101884208179,
    "per_feature": [
      0.0004618717647329046,
      0.13180101884208179,
      0.0012511272845065137,
      0.00028224141257340895,
      0.0,
      0.001251126182599397
    ]
  },
  "lag1_diff": {
    "mean_lag1_diff": 0.26624077661202356,
    "max_lag1_diff": 0.8931441117399338,
    "per_feature": [
      0.025150806594360902,
      0.0030884784447938467,
      0.0020236249455213772,
      0.3865466226406382,
      0.8931441117399338,
      0.2802118152255384,
      0.27351997669337835
    ]
  },
  "checker": {
    "fatal": 0,
    "error": 0,
    "warn": 0
  },
  "training": {
    "trend_loss_start": 0.066568,
    "trend_loss_end": 0.028983,
    "cont_loss_start": 0.046382,
    "cont_loss_end": 0.013639,
    "disc_loss_start": 0.007185,
    "disc_loss_end": 0.000229,
    "total_loss_start": 0.034623,
    "total_loss_end": 0.009616
  }
}